LFC,IP,VPVS
1.0,6629.317834904643,1.9640126250459988
1.0,6485.3934321893885,2.1484385261666374
1.0,6485.968728668413,2.2376484947862734
1.0,6592.131935914852,1.972602047819351
1.0,7127.9635449112975,1.9427515739849173
1.0,7442.068972595508,1.8563689286654637
1.0,6763.647284031815,2.2129026125470457
1.0,7157.109367729569,2.0295383572044585
1.0,6533.826246787981,2.1723831112564516
1.0,6190.018486201938,2.1152342526440755
1.0,6468.336688381098,2.324755719185449
1.0,6497.416121568531,2.3513425705766005
1.0,6395.232501170978,2.1015899972563035
1.0,7045.8685962175105,2.0742016275192485
1.0,6769.941244999961,1.9673290791811158
1.0,7574.555594821262,2.087363037841281
1.0,7112.615114037667,2.0446895343040907
1.0,6575.961381332359,2.1921727290891053
1.0,6994.199419794521,2.1065788925535367
1.0,6951.2003445015725,2.1802978003548414
1.0,6772.188834410368,2.283460477003464
1.0,6546.4196828752065,2.1006849057348305
1.0,6746.362904568615,1.9962945374756642
1.0,6581.742375120952,2.2490081350434923
1.0,6713.834522733268,2.231078839915091
1.0,7013.75402817582,2.1107601514386958
1.0,7859.6491464638075,1.9710818439364888
1.0,5990.152269001192,2.288824155210474
1.0,6783.552545539253,2.130849348368514
1.0,6923.865522100656,2.239710616777856
1.0,6414.161398929101,2.1646588974174463
1.0,6523.981422481071,2.202241366827726
1.0,6716.466756697806,2.204801716314231
1.0,7009.851886634591,2.0141560026810783
1.0,7581.934020388764,1.9994602105226205
1.0,7873.108148824254,1.9810640629675846
1.0,7275.072398309171,1.8305676594330598
1.0,7928.778026553964,2.043595234450811
1.0,6040.017626000509,2.271126180430578
1.0,6458.364829387904,2.186487435019253
1.0,6810.744901089916,2.0737680412796538
1.0,6865.355943652734,2.0475417405513796
1.0,7019.868241286576,2.2350669745807648
1.0,6705.116021423505,2.3720116693686104
1.0,7142.359386903375,2.1905500744667363
1.0,6129.52458057488,2.2180717173150097
1.0,6888.665937416151,2.042008001427332
1.0,6652.794660650554,2.1075832092229505
1.0,6225.604336491208,2.0869187712092017
1.0,6739.675388475464,2.3104085462307844
1.0,6359.604444032918,2.2748821893060165
1.0,6512.1020810869695,2.074458673797403
1.0,6537.427133327106,2.084927290835033
1.0,7311.957098066705,1.861909659952477
1.0,7253.611035461219,1.9059008090472946
1.0,6116.370695855797,2.3215561674023677
1.0,6483.5293763470545,2.1520145232103074
1.0,5958.995592294604,2.3776003418071108
1.0,6369.480572254787,2.061643139722282
1.0,7047.50091958863,1.8998503860700706
1.0,7393.669334436254,2.0972950228412115
1.0,6672.365934764254,2.07182194769022
1.0,6674.030682465114,2.156264111183618
1.0,5980.06716578918,2.2030055658859533
1.0,7324.533619689351,1.898833654799152
1.0,7167.385343201846,2.1810910982899308
1.0,6609.566561463424,2.1456085047323263
1.0,7075.836943462818,2.041010584732079
1.0,7760.17658126318,1.7500474464083116
1.0,6568.628225128461,2.0791107520143477
1.0,6810.18244425074,2.0553611294121406
1.0,6429.855998383371,2.062703185736495
1.0,6740.601409121067,2.1625489812235967
1.0,6426.743009337745,2.0554856089831355
1.0,7749.745228912714,2.1217821622661757
1.0,7250.456515885402,2.078136167105996
1.0,6593.831760557777,2.1922628639483923
1.0,7835.373541871235,1.9796561586589452
1.0,6972.181154466024,2.069726779825943
1.0,6747.70514489118,1.936384898495341
1.0,6205.980447189704,2.0819366930883363
1.0,7034.65379629846,1.9689922421090604
1.0,6490.394492707454,2.25426794955671
1.0,7222.388474171016,1.9248142259691217
1.0,7215.8109876375975,1.9592687513175213
1.0,6323.648271165877,2.157293157015165
1.0,6554.237438826863,2.008459672408161
1.0,6264.910217539946,2.0870392505521784
1.0,7553.8019871107035,2.007462895281892
1.0,6998.823086447725,2.2325491768396275
1.0,7194.350549732992,2.3311044165072077
1.0,7768.892770578032,1.7927359305800767
1.0,6835.5057535518545,2.202233405050613
1.0,7598.978988081506,1.946813072122597
1.0,6550.448880613466,2.1605109596945735
1.0,6336.425137072443,2.13366854597903
1.0,7124.883868588683,2.062321506382663
1.0,6879.758924787625,1.8620432461925083
1.0,7001.9744320262425,2.161456905044586
1.0,7932.471226484636,1.7213812367587376
1.0,6697.319846815204,2.28778790207784
1.0,7248.886803686815,2.040086621459254
1.0,6044.741527678974,2.3073693728021043
1.0,6638.011926347797,2.1072109634449716
1.0,7298.71387426224,1.9264036286315898
1.0,6671.681818405197,2.1552238865925135
1.0,6757.847709689782,2.0979628423071444
1.0,6548.950056975082,1.937856893878739
1.0,5690.2437916137405,2.348093766874564
1.0,7488.324019146129,2.1077783552342475
1.0,6844.703078477061,2.207192997599878
1.0,6769.988166997869,1.9953446792918204
1.0,6844.601707338005,2.072120331866508
1.0,6659.892594210209,2.0676773357135487
1.0,7113.680817116896,2.022078794857991
1.0,7097.339808810537,2.27486394028693
1.0,7214.723979146563,2.009081348572554
1.0,7283.144432785168,1.9545082875989412
1.0,6565.776609577053,2.2833196502642745
1.0,6601.269351835432,1.9514880485702608
1.0,6999.181091296936,2.2363168792997694
1.0,6675.728119879911,2.0930911268020185
1.0,6206.973073058794,2.19247196620439
1.0,6647.28281393323,2.011050464012222
1.0,6366.965433647898,2.187137107308464
1.0,6488.1050450026805,2.402177882525933
1.0,7143.612052489837,1.8791937669983825
1.0,6843.798517871286,2.0730905137417923
1.0,6797.222177760639,2.2247589805740313
1.0,7603.590762951015,1.8272925267939808
1.0,6582.1950023330555,2.1082816451698334
1.0,6072.661140388207,2.2255769042109477
1.0,7086.534359767648,1.9191512956376262
1.0,6628.40121378839,2.1774592385247327
1.0,7025.999052745127,2.1746666362204925
1.0,6290.1919405079925,2.3563716875212286
1.0,6036.435074822754,2.1181091890854544
1.0,6709.313996008595,2.0246549455423386
1.0,6981.494555815959,2.1254909658910672
1.0,7161.997489915984,2.0716696170609703
1.0,7149.5123444660785,2.165856324596291
1.0,7030.019623050828,1.918324681317114
1.0,6567.506832806478,2.0296756574627146
1.0,6924.390064418102,2.2179090866903555
1.0,6835.851523618893,2.213444012677358
1.0,6691.75414221379,1.9451291154996841
1.0,5906.665789611267,2.1318526108886577
1.0,6603.633767728163,2.2842881220625677
1.0,7304.529644038779,2.185696258956752
1.0,6959.990649786525,2.1746972925464236
1.0,6101.205926625414,2.1297177874107507
1.0,6652.553863996747,2.117726299309459
1.0,6212.870747825304,2.0646193749009796
1.0,7547.873424496018,2.0897976754316026
1.0,6348.292571787542,2.0487806059968063
1.0,6817.587345117217,2.0478084911651333
1.0,6496.898542731666,2.0953139418169258
1.0,6914.622131034718,1.8990624816541208
1.0,6483.346151307309,2.064654979256397
1.0,7145.340213991194,2.1840563392105037
1.0,7083.219763990301,2.2183950819235743
1.0,6600.351505173548,2.007696167968356
1.0,6632.46763916803,2.0996332546504943
1.0,6534.771426111621,2.0296525569130033
1.0,7762.753189713683,2.036551590539953
1.0,7022.115491616859,2.176828872636765
1.0,7265.106450531922,1.923200172808939
1.0,6526.8679301614,2.0444634319890262
1.0,6601.183047849005,2.020505553920592
1.0,6598.073870208161,2.121577356721058
1.0,7218.005937416343,2.0808918927874314
1.0,6783.355765820682,2.388637195128815
1.0,7151.945917534869,2.3734627418806395
1.0,6358.271588760163,2.1975814809906624
1.0,6962.800451057869,2.040826402648278
1.0,7097.333753464863,2.1136430534753043
1.0,6682.725579868966,2.140575517149306
1.0,6689.707886270811,2.0465994281803646
1.0,6532.1628435442335,2.0876256676273646
1.0,6829.796184469729,2.320782286818109
1.0,6543.029703430564,2.1464080164914763
1.0,6605.660789496567,2.361063826740711
1.0,7252.957860644484,2.0411074800124407
1.0,6987.136267220368,1.8926183735883666
1.0,6962.375503593231,1.9776038935452744
1.0,6485.882516291714,2.1538721442079343
1.0,6335.1229055160775,2.1942158611314033
1.0,7158.147345780942,1.9680298875053883
1.0,6678.040032000499,2.1780197766199216
1.0,6986.074436960305,2.2592132172219723
1.0,6600.33480251464,2.1009326091680207
1.0,7146.441684658301,1.8996463923982345
1.0,5787.419144923779,2.4152056632603123
1.0,6836.378174801192,2.073399810328098
1.0,5831.598136582612,2.357146922047834
1.0,6148.848900609901,2.143989871409404
1.0,6604.880244020372,2.028300823870983
1.0,7019.932841760168,2.2641318926813354
1.0,6915.681286600508,2.231737776502374
1.0,6770.859069386265,2.118463823573629
1.0,6606.741183696575,2.258436879260927
1.0,7026.702955552342,2.0398358219550423
1.0,6496.964391578353,2.0698350401341044
1.0,6690.088349792573,2.0733230649456296
1.0,6602.080953899451,2.1771331291653806
1.0,6083.853121367485,2.1657631450636545
1.0,6319.734648809181,2.1961516200413302
1.0,6326.648486706676,1.966004301116551
1.0,7196.692829182847,1.6462097177148594
1.0,6389.7675271222615,1.8258324679237226
1.0,7039.777203202505,2.2353236437166664
1.0,7035.878554969394,2.1939703663573136
1.0,6736.788459796952,2.217725492207276
1.0,6654.2096405510865,2.123056645734692
1.0,6799.503480008382,2.125991957439409
1.0,6783.4215881576965,2.190634060491754
1.0,7286.347135024494,2.129645132141051
1.0,6711.073993756969,2.0006407133962343
1.0,6693.746431082937,2.0130471614993524
1.0,7997.111535674134,1.8764412425121026
1.0,6264.698815957703,2.2330153076498185
1.0,6447.64243091145,2.296877152782422
1.0,7060.401836531393,2.297153929893342
1.0,6669.7261405025,1.946452946155106
1.0,6640.726678544492,2.031769502328366
1.0,6935.777972496168,2.2029034051774476
1.0,8029.346733347554,1.7439721479808568
1.0,6817.324208921407,1.9183082502086057
1.0,6141.288850674762,2.204477644599717
1.0,7627.373242271248,2.1306641272052507
1.0,6427.753610250473,2.2177838269161003
1.0,6020.784999978789,2.2762136498068606
1.0,6478.078041693466,2.0154386247852014
1.0,6984.149566936692,2.0979056785677903
1.0,6309.250020736052,1.9417427215616059
1.0,7004.552954689813,2.109976765534543
1.0,6790.290038252886,1.9893479732455168
1.0,6258.935959007833,1.8358997597279627
1.0,6798.93963746338,2.1431298022035197
1.0,6286.321817741219,2.3140021874947703
1.0,5919.333951419081,2.1172340386453175
1.0,7147.375313736179,2.1718998659680606
1.0,6139.815673436457,2.221537294276282
1.0,6333.996275674147,2.1976144801949586
1.0,7489.596794892811,2.0799465589905326
1.0,6681.962886150133,2.0471308806864563
1.0,6453.867394482288,2.0676000134050567
1.0,6697.234951600715,2.1257824436353396
1.0,7301.1123621100405,2.1245513007209236
1.0,6801.496359122756,1.8921516977377064
1.0,6376.359706526743,2.1076927269205856
1.0,7165.902863308157,1.8584066476063605
1.0,6536.095351986757,1.9803607261346705
1.0,7068.124044349348,2.2214306416332557
1.0,6446.680414763472,2.053561773346506
1.0,6995.093279324587,1.967650999544172
1.0,6631.1996262081875,2.2139882382677443
1.0,6176.67119828011,2.460004057132888
1.0,6544.597398386556,2.3111680035363262
1.0,6902.236003458695,2.0366787895906637
1.0,7077.764009158288,2.0801625131378136
1.0,7345.620917928693,2.0895283838581675
1.0,6953.367178847004,1.9973210736567868
1.0,6722.466759440682,2.0396326654580834
1.0,6822.86492968688,2.1859491708443284
1.0,6985.046366441255,2.0450907817612882
1.0,6438.391255156026,2.1734334935455677
1.0,6955.1732763852515,2.0213009550090772
1.0,6989.4235328789055,2.468842819265307
1.0,7027.989115221752,1.8501771627824184
1.0,7053.608108519602,1.9874659150886367
1.0,6643.529927735788,2.333525059081483
1.0,7189.225191305329,1.9751167864580121
1.0,6758.638538209974,2.0853966922620897
1.0,6435.36982574502,2.023768646704952
1.0,6032.976503169216,2.3188877170691065
1.0,6100.178784859067,2.222647796849705
1.0,6349.016396544835,2.019526548536052
1.0,7342.014685723113,1.8664614670590622
1.0,7289.356536078754,1.9645859949009747
1.0,6490.142478158234,1.9937439520281575
1.0,6429.123828363528,2.102397066614723
1.0,6100.669536208302,2.1052712091364754
1.0,6124.855271933079,2.2713951319819374
1.0,6676.528930234842,2.2332077297203385
1.0,6736.233833306334,2.2548108635550377
1.0,6634.378476684906,1.8355168735025655
1.0,5770.113030889785,2.374485846442996
1.0,6400.037642152834,2.2573380413466744
1.0,6778.817323229776,2.1088566370167765
1.0,6609.786530044164,2.0950411847699386
1.0,7217.009736248795,2.1307344866934623
1.0,6291.238797322906,2.235683720909398
1.0,6959.271927622731,2.1196736190499936
1.0,6119.274075385563,1.9939552261173845
1.0,6758.68425935222,2.316482161900122
1.0,6786.327771437694,1.9999142943829096
1.0,7338.149518492213,2.259627247307857
1.0,6913.928361104028,2.2192754738555647
1.0,6109.517167296597,2.2387227855930103
2.0,6655.214014408221,1.9869629167370484
2.0,5356.3913035005025,2.1990640182951573
2.0,6304.137480278957,1.911691174145812
2.0,6928.230947800039,2.3232917566664257
2.0,5750.813003358815,2.2048480566616266
2.0,6107.2599659324005,1.8313933756313825
2.0,6188.112120367372,2.167518315961997
2.0,5491.059059977032,2.287171784547376
2.0,5946.640949018697,2.0770869926785207
2.0,5820.076747206168,2.0298300882364364
2.0,5120.14975239709,1.8729035702564798
2.0,6209.25628618596,2.1464930750925975
2.0,5401.918432484991,1.7234573373703426
2.0,6055.500822840934,1.937902397059656
2.0,6167.312630441184,2.160587541306286
2.0,6289.740867657585,2.055447582032509
2.0,5691.253215211621,2.1535467146645977
2.0,6826.549402099619,1.792690436937898
2.0,6273.586390045376,2.008261622822731
2.0,6736.639027213045,2.0150036712455157
2.0,6734.622744456006,1.972112924053686
2.0,5214.20004703675,1.7425088735071648
2.0,5231.078809879274,1.9158306874424078
2.0,5770.215139229775,2.0957131590379174
2.0,6422.873752967442,1.9599916188722841
2.0,5815.938341359328,1.9053218089292943
2.0,6233.722373473109,2.081418936713612
2.0,6632.121436627435,1.791485270489565
2.0,5972.470090829243,2.0217595589942543
2.0,6697.91445258664,1.7142801296925332
2.0,6428.527198210476,2.154246120969967
2.0,6128.100984443216,2.0168778232469893
2.0,6146.706957007576,2.275760250801542
2.0,6426.992359133294,1.9492196198220089
2.0,5745.126830605044,2.23690200653781
2.0,6539.912596456301,2.0345568791692923
2.0,6490.233385041993,2.0408510996985165
2.0,6298.924587387077,2.0754010467957458
2.0,6471.28775137306,1.883662058577857
2.0,6177.929922831358,2.196542826137185
2.0,7065.5668579817575,1.7732753265003396
2.0,7132.690161130199,1.963597544825848
2.0,5227.509105671443,2.2785210799665117
2.0,6915.703832569133,1.926036176116659
2.0,6466.582342758481,1.9009181554810577
2.0,6374.225845137399,1.7215560133474967
2.0,5486.955860973212,2.022529782052204
2.0,6239.98471632575,2.0185455612141516
2.0,6281.063695893556,1.9439478453812942
2.0,6891.950459882133,1.9066856787474955
2.0,7136.83492396243,1.8031916629335378
2.0,6814.796543324219,2.2141758568178718
2.0,6612.361931746225,2.064643677379987
2.0,5952.48232849691,1.9030598174155426
2.0,6791.497594965535,2.0084635907157926
2.0,6632.297919188965,2.0010653616987355
2.0,6006.988720472797,1.8825717624673401
2.0,6303.388677628611,2.0465761938418945
2.0,6482.5678576356695,2.159095255665524
2.0,7041.105179990615,2.085954161789174
2.0,5947.388077845242,2.0911973733357616
2.0,6002.09335581945,2.171733147098722
2.0,6609.622250634932,1.9098956871011386
2.0,6054.869413738867,1.9871462446806984
2.0,5784.921045609173,2.088309461258708
2.0,4964.696778314916,1.9843009840876982
2.0,6427.520321577908,2.1727250937034306
2.0,6897.332192398048,1.8738407608746268
2.0,5590.778276650771,1.986135972975844
2.0,6463.96126914779,1.9752091408572598
2.0,5529.266154698657,2.4139735452942124
2.0,6314.882845608596,2.4044340972912215
2.0,6471.848000220161,2.089227727125304
2.0,7358.747391584148,1.9266375072236583
2.0,6156.770889793876,1.9275179179613193
2.0,6010.333289839471,1.8068753457755995
2.0,5303.641375198077,2.096926295064933
2.0,7205.72132276454,2.026795621019104
2.0,7076.6521391322685,1.9708179009723439
2.0,6631.65948768614,1.9727367144236352
2.0,7149.08006355521,1.8297408698477713
2.0,6176.314912688322,1.7110924924098323
2.0,6002.509299712742,1.9987274579459327
2.0,5966.899204565509,2.0851683300057564
2.0,5672.280207650367,2.1385995247391105
2.0,6773.096100897722,1.8966220214191063
2.0,5188.413042619909,2.0542217157961544
2.0,6663.7077595339515,1.9824025944213906
2.0,5921.061406501069,2.153145484112879
2.0,5508.072384903693,1.9827735637273078
2.0,6824.574817729792,1.9735017991636525
2.0,6382.701206312822,1.961110295281902
2.0,6350.37682267412,2.1945672982801585
2.0,5829.41197294688,2.0740913519121817
2.0,7454.117689968467,1.9778944011363977
2.0,6377.093521698879,1.7676895975375446
2.0,6838.236626104813,2.1577374875262536
2.0,6699.4467637909065,1.9751087596044736
2.0,5470.722870481022,1.983691406660724
2.0,6216.574218788282,2.0790524517471822
2.0,5400.080695997814,1.9592230275961862
2.0,7091.055476899946,1.7815113064905828
2.0,5171.927831513101,2.1439069067797014
2.0,6148.064164519973,2.001048590199677
2.0,6537.9366299634885,2.1600928198009703
2.0,4895.803575353103,1.9603961196078936
2.0,5343.705928794424,2.0967716383857042
2.0,6190.274747215569,1.9532285259458917
2.0,7176.513613707321,1.9615872737453304
2.0,5838.406184119563,1.886289859782202
2.0,4999.856934049721,2.2822513672990485
2.0,5559.443790028004,1.9880647748060416
2.0,6923.5987051931725,1.8006748238471428
2.0,6203.509114239514,2.2187775771630136
2.0,6889.240088780817,1.78511974776368
2.0,6122.985540012992,2.0573413694823053
2.0,6692.607434016884,1.9770104104968047
2.0,6243.010473175495,2.05796134685606
2.0,5694.931336187063,1.9924727675639582
2.0,6265.985893914916,1.9512665167294052
2.0,5931.310865326459,2.0733902165716485
2.0,6590.07338462845,1.9799313988582137
2.0,6494.538214210033,1.8275641037688597
2.0,5135.204671455478,2.0795289137368926
2.0,6051.27940096828,1.9827004339338865
2.0,6295.740495438204,2.1507517601097024
2.0,5362.752607127791,2.264030750626135
2.0,4634.723672903756,1.9596818293112757
2.0,6707.644221243613,1.9926011654085882
2.0,6818.957618939043,1.8632715692556028
2.0,6682.6357420546565,1.883462976853699
2.0,7384.995272845224,1.8827687181943473
2.0,6008.54386666993,1.8154988355938804
2.0,5737.105147417671,2.1438551514853605
2.0,6123.60308034591,1.908037076521666
2.0,5116.311644627545,2.0104103099266615
2.0,6211.420201549908,2.0449043558402753
2.0,5796.129319706999,1.8278677820149083
2.0,7388.972399017155,2.163030744495249
2.0,6317.227603409577,1.781247141226832
2.0,6652.312688527153,1.9053212986946266
2.0,6491.00699612726,2.1185845095037648
2.0,5843.2960509059685,1.9731765480074552
2.0,6015.5530797708925,2.026408734668794
2.0,5904.5492524175415,1.9276062857686418
2.0,5974.114702554782,2.0592487558678947
2.0,7012.27865129029,2.085896669809281
2.0,6437.744708182317,1.835828542515091
2.0,6581.986648370392,1.8884253026727338
2.0,6366.785357520687,2.151845588970666
2.0,7507.157854933549,1.868923985632887
2.0,5742.828162311484,1.7662093959969178
2.0,6668.881479031899,1.9121020780827134
2.0,5817.947221706244,2.1030102847181347
2.0,6335.140120468094,1.6595870807671924
2.0,5920.821827915928,2.1649923734161605
2.0,6138.5199984789415,2.1844608931677207
2.0,6275.162899263164,2.1650681777512606
2.0,5693.271373172125,2.06103642901929
2.0,5719.753029165026,2.196977183415728
2.0,5677.654385025888,2.1442191989168213
2.0,6357.350409737678,1.7296659454619234
2.0,5431.755881157713,1.8346740749588744
2.0,5961.7955779540025,2.1018045856769563
2.0,6270.1319598201935,2.1643507981714825
2.0,6374.693408448134,1.9484239028453143
2.0,5960.453666992055,2.2008366205639107
2.0,6327.217425613392,1.9589819453765271
2.0,6650.535109701214,1.80016578117968
2.0,7557.778465085041,1.789389585224325
2.0,6014.5459297829875,2.04316135329916
2.0,6830.86648419205,2.0791658660471795
2.0,6029.017453797185,1.731924016077903
2.0,6351.628200709844,1.8559850118235395
2.0,6715.5859680253325,1.8503629268511763
2.0,5716.078127027798,2.2433773788135767
2.0,6547.582660997587,2.0704812972152666
2.0,6058.686952766019,1.920486515701018
2.0,5652.691522346034,2.1133582955677133
2.0,5786.930072440627,2.029329479999297
2.0,6741.266257485463,1.661744083675402
2.0,6599.228662801938,1.8600646518005017
2.0,6759.054703014322,1.9070115979609519
2.0,5998.767229951948,1.89865681399717
2.0,6742.74066544361,2.1960819617895115
2.0,6010.458564283157,2.094470350849407
2.0,6236.121776143902,1.8449751167034882
2.0,4941.767898769514,2.0970067188827493
2.0,6188.6639254547745,1.6039384901742755
2.0,5831.93601751446,1.9633639429713998
2.0,5371.381940610668,1.999845151816198
2.0,6078.592104162421,2.0864777063885067
2.0,5707.5917669431265,2.1307558660328785
2.0,6010.733424710002,1.6997771716868648
2.0,5805.975253897447,1.941099767679324
2.0,5518.722764426236,2.096883838996252
2.0,6538.840733951331,2.1046791661674242
2.0,6100.570428629351,2.0438752268608833
2.0,6866.617009314321,2.141734135396218
2.0,7110.448362953606,2.1082828233136945
2.0,5376.418651571909,1.8500031046009475
2.0,6038.646341580227,1.9164426268425891
2.0,5984.81920462243,2.139760318153606
2.0,5507.61063183173,1.9748128520300365
2.0,6992.979958829707,2.0127488109040526
2.0,7386.048655654009,2.2084398284453597
2.0,5907.3378643612,2.0002503532565927
2.0,6764.158045052964,2.0441642624247627
2.0,6383.464354106211,1.9811856397786876
2.0,5610.063344943457,1.846204793051875
2.0,6397.963324107439,1.9190574621308363
2.0,6250.318045628877,1.875642258735751
2.0,5929.295170551308,2.12631892907203
2.0,5308.821334221456,2.159966061452894
2.0,6566.837171759709,2.013813381722495
2.0,6178.29459930643,2.085948828923539
2.0,6501.430233797503,2.0476231397512934
2.0,6760.30537847568,2.086498063249996
2.0,5640.8970396975765,1.943739563545025
2.0,5848.292740973528,2.0339682398663252
2.0,6644.544473994228,2.0507480624729872
2.0,5632.647314990986,1.9757242657863852
2.0,6185.165694282131,2.0769376266005573
2.0,6831.435290703042,2.0221914004113724
2.0,5549.378258291486,1.9483914540789982
2.0,5296.0365382054,2.2852730119871927
2.0,5740.646711808377,1.8471913012636494
2.0,6189.030645329964,2.1002192796505432
2.0,6412.34546531429,2.1173353296653996
2.0,5821.771745440578,2.1198391956216653
2.0,6198.379296112116,2.0669688333473006
2.0,5810.295325198988,2.0723068678827423
2.0,5502.187230900928,1.9760516066902771
2.0,6108.0511656737,2.0524038906298676
2.0,6509.283446081124,2.058993002963161
2.0,5016.324186230228,2.027644021864095
2.0,6670.435283592661,1.954623845703935
2.0,5837.878043783932,2.0062263185488427
2.0,7067.2118604348325,1.818745005519629
2.0,5734.623094817472,2.2129938139949004
2.0,5749.1296906847365,2.000119056204847
2.0,4717.799257273546,2.2320565701781705
2.0,6152.39553816878,2.042370348964626
2.0,4979.988764304037,2.273757765190708
2.0,5557.8994410300875,2.2967867066894487
2.0,6059.641608342864,2.1788951680145403
2.0,6777.201317999062,1.9531361005249745
2.0,5657.716411864936,1.7883832220406544
2.0,5061.761636116819,2.1370730811532614
2.0,5815.513555069933,2.0606273325862627
2.0,6536.907848557521,1.941254593357827
2.0,6699.361956054696,1.7618775007021725
2.0,5882.401097969343,1.8544614071370176
2.0,5917.380597927991,2.0175861307741845
2.0,5668.871756446058,1.8829478304845362
2.0,6504.224839351313,2.2804121649007185
2.0,6949.115898277727,1.866165587804375
2.0,5425.510203301174,2.059647641753771
2.0,6046.829548745377,2.089096909787083
2.0,6519.74057958061,1.9935021425004047
2.0,4265.7477223132,2.4536658076009283
2.0,6251.83797176342,1.8857679004050674
2.0,5357.868404741235,2.007503217837533
2.0,5767.658882110652,2.099537523631263
2.0,6519.507374000609,1.787323961945835
2.0,5869.776445116504,2.0625780631641235
2.0,7570.869572397975,2.096971827059994
2.0,6459.799625475675,1.9246523254198842
2.0,6116.731164716421,1.9687044284165136
2.0,5638.166145290419,2.083812701266329
2.0,6521.723642535933,2.1355976707917814
2.0,6082.615430660694,2.140218322967042
2.0,6835.97648183043,2.126480227903569
2.0,5796.5599319558,1.9319459818840716
2.0,6024.71382729095,2.081036717890738
2.0,6431.409245113922,1.9719045302020815
2.0,5504.661695666063,1.9730629853780945
2.0,6946.59165924472,1.8961211360463521
2.0,6501.272143572262,2.0594870949854696
2.0,6146.794927208264,2.1888702311013466
2.0,7157.812497103139,2.154094373161586
2.0,6183.26684715335,2.1073100109324074
2.0,5619.2914871226685,2.033240219071534
2.0,6316.07588313277,2.075462495321231
2.0,6608.154843013047,1.8810928149370119
2.0,5089.426704356911,2.2210067441378567
2.0,5601.3398477731425,2.107043799788274
2.0,6278.725830397257,2.0598986531356283
2.0,5362.78240027754,1.92550628635293
2.0,6093.0231397376,1.9640591567612697
2.0,6038.659924338739,2.1217294007022613
2.0,5723.0020520602875,2.0774992709560207
2.0,6301.565116399145,2.027124311883025
2.0,6050.567674466238,1.9577787796539932
2.0,7233.121858755199,2.1628950800534934
2.0,5496.4802669309,2.1226455856014295
2.0,6337.976375997985,1.7363032444836275
2.0,5683.257971453666,1.9971145900660154
2.0,6137.898645209329,1.8581705163309594
2.0,6595.784911182775,1.9985601828067519
3.0,5937.892359644655,1.8115257551776027
3.0,6075.492285289703,1.8375704940752475
3.0,5972.096653340396,1.631696092007181
3.0,5393.163266314904,1.9818878850573454
3.0,7190.546617666964,2.02185747319748
3.0,5444.751182513884,1.887771112770451
3.0,5874.429766291141,2.0502164076260625
3.0,6085.4630915579055,1.910468785650942
3.0,5693.673141430851,2.0527380538027056
3.0,6081.544445021076,1.9616602740170013
3.0,5383.58258908486,1.766844549822916
3.0,5143.701522346142,1.9248651210991379
3.0,5267.695081964715,1.7751306108118596
3.0,6270.034115186578,1.861896084704194
3.0,4974.213676166699,1.8705179516797525
3.0,6108.645314941245,1.947660504222266
3.0,4529.693435126044,1.9840645117130749
3.0,6108.900879986168,1.8516696583969197
3.0,7061.884227499162,1.7423594787094598
3.0,5721.014409405155,1.8361037632597155
3.0,5382.1371373573675,2.0253828852216293
3.0,6499.026143552327,2.081311982950874
3.0,5477.047618405945,1.8741632121097662
3.0,6660.404656411539,2.09882838359114
3.0,6152.289566121646,1.9083405368728932
3.0,6462.59098144982,1.9241121254940743
3.0,5999.004012110512,1.9241464158029984
3.0,6548.026482050184,2.0735985182916417
3.0,5303.806668329646,1.9080171988449937
3.0,5783.474317062635,1.8305278411075327
3.0,5710.333368265274,1.9434523582776613
3.0,5340.708696874272,2.0697005263422796
3.0,5987.714167940433,1.924963140979938
3.0,6784.001580280771,2.2238903495880207
3.0,5925.515314393284,1.9596312514505647
3.0,6108.481690618073,2.0307406065662827
3.0,5644.101272898233,1.902042951636797
3.0,5039.854630726778,1.9976282007252517
3.0,4964.939595872961,1.7732995783300949
3.0,6057.8890048264375,1.7535961817960064
3.0,6525.052611744611,1.693376017933282
3.0,5661.677024115325,1.9893188509438642
3.0,6032.243575288364,1.9047979206727947
3.0,5169.204956793801,1.8089017579016742
3.0,6018.956988935068,2.060928173809877
3.0,7114.459822441156,1.9676493000079223
3.0,5934.04002997403,1.7673039248023343
3.0,6644.1958487416805,1.8066471644904627
3.0,5570.930985842937,1.9800472132405151
3.0,5710.024802296411,1.8334130365095587
3.0,6045.658114839986,1.784031829641364
3.0,5481.559327895364,1.868617379804987
3.0,5996.766499533233,1.8666032441329095
3.0,5743.912710496023,1.9154229665589513
3.0,5075.3300784710555,2.060204734934376
3.0,5036.560364427226,1.946563280105067
3.0,5449.2306614750005,1.958283027524483
3.0,5426.853707749773,1.9344761416634022
3.0,6194.8990567939945,2.064299805136115
3.0,6634.321839282254,2.357221432321825
3.0,4918.591044465652,1.9078633165781054
3.0,6356.786437091028,2.1262835680351464
3.0,5843.34568926466,1.8962324837935844
3.0,6472.231005992311,2.0501836969118057
3.0,5788.319019502451,2.018358230882554
3.0,5176.243675786447,1.9584695424898977
3.0,4986.879109730995,1.9910081821758594
3.0,6374.858432491266,2.0461658270531142
3.0,6696.51836996999,2.0084901152275205
3.0,5925.077797643868,1.9083803107201787
3.0,6182.11359089551,1.923745122720851
3.0,5543.804677571232,1.828567922918244
3.0,5271.043068951638,1.9727256520821304
3.0,5103.255061554161,1.946653844517174
3.0,6082.971094282484,1.9545458953693764
3.0,6273.9782258328105,1.762384214612227
3.0,3951.172379616869,1.9927516870590867
3.0,6575.689780157657,1.9681421349424972
3.0,5654.488370467929,1.936337702809235
3.0,6404.637073358304,1.937904392524563
3.0,4385.814520645748,2.113057111839543
3.0,5754.890831518195,1.9935288030859513
3.0,5754.492221720333,1.861956123795862
3.0,6604.726127927504,1.8753303304885218
3.0,5431.360651428393,1.9263465373051716
3.0,6116.431620170789,1.9721302983685738
3.0,5825.835832434,1.7985562673726814
3.0,6032.865865529304,2.1211310377132278
3.0,6351.122961302319,1.9511532133712093
3.0,4555.392865831974,1.8968052848670178
3.0,6854.713103479919,1.9797981039000572
3.0,5376.538242618494,2.2092729904844
3.0,6233.498717172,1.6998602851570253
3.0,5423.305311580205,1.8689325000911596
3.0,6706.369345273345,1.9273871264213351
3.0,5537.847696436476,1.9786043282877772
3.0,5908.3001636474155,2.06203497270622
3.0,5991.65821749229,1.9239515307472126
3.0,5233.583115131418,1.8115446995605011
3.0,5728.924035538952,1.8235483573769884
3.0,6202.517012002957,1.9777554598492846
3.0,5695.3142428791025,1.887857397085289
3.0,5313.4147255841035,1.68536836775234
3.0,6334.535540591385,1.8833773660473463
3.0,5524.734948345389,1.7955773622982176
3.0,6696.561386103974,1.8424352402841704
3.0,5894.2052008340825,2.0650109514097226
3.0,6288.91313034566,2.040729619689512
3.0,4501.01722292958,1.864154157139267
3.0,6146.915660777238,1.8494919996849126
3.0,6535.371361643844,2.059154848564025
3.0,5716.359217301097,2.0711655129578466
3.0,4991.838852492467,1.7618201578524537
3.0,5897.0743665926175,1.9781416950875987
3.0,6129.647183713183,1.9456532045718857
3.0,5820.513579397878,1.6973004910117362
3.0,5501.130394303188,1.8131614378593028
3.0,6642.099008929176,1.8341238766410717
3.0,5225.159245444841,1.978433648522541
3.0,6388.122903634845,1.913384396038011
3.0,6150.717451797836,1.906735706638885
3.0,5864.539376222907,1.8650227588338906
3.0,5581.541310084285,1.894748475616925
3.0,5185.214765894918,2.0101285325742886
3.0,5857.441394155137,1.9111380583236404
3.0,5937.1263928217295,2.119539928402736
3.0,5395.660117722046,1.7209413664806126
3.0,6958.735942715006,2.027860584956274
3.0,5283.604176396253,1.7316870206961186
3.0,6345.248821845975,2.1343981579617757
3.0,6741.432986950865,2.2762930766012985
3.0,5498.557674143547,2.029160093987204
3.0,6008.862544961953,1.942613962326641
3.0,6416.878687216236,2.1510933095170515
3.0,4926.953638160414,2.0060342939340265
3.0,5983.653536567347,1.9773838282766363
3.0,5381.636258217311,1.6987590563100126
3.0,5277.430984244765,2.200436328578038
3.0,5172.820434146798,1.886865236203986
3.0,6310.1235962085475,1.782746115810817
3.0,6166.793164998366,2.1404929474307037
3.0,5860.79476676143,2.2113156600878003
3.0,5751.755402257489,1.81473830598006
3.0,5374.661123123716,1.6803483983055698
3.0,5713.726391980646,2.062291945261635
3.0,6001.463166807675,1.8975549350370498
3.0,5201.039850829437,1.8411755681189304
3.0,6216.253865475942,1.9596125043911907
3.0,6226.6483205212335,1.7451455082724017
3.0,4918.340301366154,2.0806273370979955
3.0,5497.270040769479,1.9941422414040815
3.0,6195.179656304922,1.7913547407339436
3.0,5274.213148679262,1.9036964841711383
3.0,6071.7274527324535,2.0098076141276215
3.0,5146.380390814838,1.7944645673151718
3.0,5610.925636228645,1.8923680236911509
3.0,5883.235973870607,1.8523006593308622
3.0,5852.030356023864,2.010978134401375
3.0,5692.7145237353625,2.095036645524152
3.0,7143.391188453834,2.2459238744593057
3.0,5835.977803882334,1.7426601642857302
3.0,7430.746612412482,1.9180822650116165
3.0,6538.156405377256,1.9337592490957924
3.0,4924.471574788061,1.8865224272542593
3.0,5884.3290804717735,1.9559717050829386
3.0,5333.411801291746,1.9209084831001844
3.0,6709.3698143404945,1.7634609695903236
3.0,4752.0761540558915,1.8205787468243375
3.0,5877.2125849283675,2.0865118097189295
3.0,5947.983762104678,1.9838697068422566
3.0,5369.854792405779,1.5731745486030504
3.0,6381.021146897383,2.041960301989045
3.0,6223.541592858851,2.158799134258635
3.0,6160.181562526806,1.791537431477865
3.0,5779.864276175617,1.8439895451508606
3.0,5411.098969861019,1.921305059770842
3.0,5750.864103000635,1.8930277667545907
3.0,4871.294465443386,1.888773597174248
3.0,5685.246246169451,1.93818503719132
3.0,6076.514493209297,1.9944621726222933
3.0,6615.723587406123,1.8764756482452087
3.0,5248.194909553183,1.9703342813441702
3.0,6336.4166173719195,1.8992899976008157
3.0,5874.610482487882,1.9109154020402999
3.0,6625.051146579614,2.118637356803407
3.0,5335.192463946365,2.0745232528204203
3.0,6775.2328808123275,1.7618729913117674
3.0,5728.993890685803,2.009997928197923
3.0,6094.977667931015,1.9206021633474784
3.0,6037.378157127342,1.9689018277280772
3.0,6524.665707493349,1.6783004493463414
3.0,5707.042198811447,1.9398115311211297
3.0,5283.827566867864,1.7236018238575235
3.0,5390.996662718171,1.8400173206945787
3.0,6262.437424968959,1.9024721089492755
3.0,5615.368871360604,1.9493436417096446
3.0,5257.384992816273,1.9742567141340444
3.0,4763.05024558565,1.9089960377901725
3.0,5035.451673563293,1.98433191859423
3.0,4322.9665047392955,1.6353189105344839
3.0,5944.8115279069025,1.7885012642185618
3.0,5274.051621773246,1.8780915549094712
3.0,6267.6251625275,1.7261969573405305
3.0,5153.7239582565435,2.013935626029875
3.0,5012.387982302055,1.9094358742682223
3.0,5753.337982674012,1.8247046482209497
3.0,5516.410059032601,2.03266043645942
3.0,5616.720027982676,2.0608515531303215
3.0,6375.497361352304,1.8895576205014792
3.0,5940.236117178247,2.0913501799039333
3.0,4981.934707159162,2.0957628649302085
3.0,5685.319687746332,1.8902906238617048
3.0,6207.418022653762,1.8844245445679673
3.0,5805.497848954772,1.6703781692212192
3.0,5589.8423499138735,1.9235097388366218
3.0,6156.987906883937,1.717415967483931
3.0,5709.967851062492,2.0132843508780356
3.0,5860.669479457111,1.8149289562372053
3.0,5310.937856405636,1.888320172470566
3.0,5132.732233771866,1.6743700854254953
3.0,6078.830619769804,1.890519150656304
3.0,4815.401493122346,1.8736082058418564
3.0,5398.998192267457,1.8704474636685051
3.0,6716.892177776327,1.977266240742926
3.0,5548.199556155908,1.9536388284655748
3.0,5858.939903625713,1.8256660508566842
3.0,5956.445455673555,2.1213445144821037
3.0,4992.969166135436,1.709997320880986
3.0,5587.168280212209,2.0866948320024847
3.0,6128.945373778736,1.9222860874647587
3.0,5181.416094127814,1.865562122651118
3.0,4925.6933989484005,1.9808446041976202
3.0,6336.741844841342,2.0983288963246833
3.0,4468.363931944747,1.9169708644843244
3.0,5651.150759191351,2.041883451160581
3.0,5835.570197397366,1.9290210889148116
3.0,6797.958106383867,1.5310507314022297
3.0,6163.818805022449,1.8424850493789502
3.0,5993.6663199293735,1.887245188528904
3.0,5812.972534102277,1.929312812521614
3.0,6254.4805162654975,1.9764729083718857
3.0,5700.686841113694,1.8993797106478607
3.0,5828.4979777524595,1.5857101344078457
3.0,5221.564834107534,2.0179238052122668
3.0,5222.127859710318,2.061877399438661
3.0,4386.988567268081,1.8525987818465477
3.0,5830.4278945820315,1.8955538051902001
3.0,5396.985063555112,1.7789764536080377
3.0,5764.057883440379,2.0395496320426107
3.0,5657.583929089459,1.9628975600286225
3.0,4742.081874359146,1.8423967630267422
3.0,6272.817976647749,1.890442974549418
3.0,5537.228925660786,1.958780835551248
3.0,5811.227719196351,1.8068836190885047
3.0,5428.411663427206,1.8901327478215015
3.0,6043.31138510201,1.9738663680810422
3.0,5777.3920545197425,1.9157109461131248
3.0,5594.969054750328,1.9587867997221138
3.0,5593.344104369198,2.123033794500789
3.0,5895.005707522441,2.071012784085495
3.0,5420.228378189324,1.7688178411662432
3.0,6628.369701012401,1.8836612560484949
3.0,6004.169402341593,1.8722515647262556
3.0,5976.086602354013,1.8920047870431946
3.0,5682.691581669831,1.792090534954125
3.0,5890.696193180773,1.7946036516047705
3.0,5028.8223843590295,2.0526095513611935
3.0,4746.23243801935,1.7730800497153376
3.0,5843.336779319638,2.1915257073256944
3.0,6229.389488666244,1.879961480274506
3.0,4950.104247844612,1.897099624986751
3.0,5214.665694861459,1.9463064690884795
3.0,5659.537269728932,2.0137679138333695
3.0,5288.836854284871,1.8498824942833079
3.0,5656.258171625828,2.0348073250432708
3.0,5057.303337099149,1.933154019133398
3.0,7180.849540897496,1.8051455211448193
3.0,6208.231610899762,1.9904752455765802
3.0,5447.040092383622,1.802093920423549
3.0,5086.870875316952,1.9722040322152634
3.0,5634.842549318051,1.8567259031020122
3.0,6776.527515635273,1.7887128878854082
3.0,4491.023709203973,1.9250173964430808
3.0,6452.618104921455,2.0111870599895796
3.0,5529.01395472697,1.7729061115488103
3.0,7121.931325529223,1.9791854561195412
3.0,7238.487674464268,1.7242374138887626
3.0,6029.603165552783,1.8729044111946282
3.0,5966.226675037237,1.79306386149291
3.0,6816.659396597464,1.920055485312191
3.0,6652.450772861248,1.992205131830991
3.0,5737.446531206291,1.747879619792307
3.0,7117.710447244421,1.7583784996857899
3.0,6215.0355312781485,2.129445124117648
3.0,5730.864172361312,2.09091643161602
3.0,5106.082139745169,1.791223416323626
3.0,6529.597982747465,1.9501859000646395
3.0,5759.2435557567105,1.8888296279508419
3.0,6455.897053845539,2.1521600785875754
3.0,5190.266039037442,1.9101421357834207
4.0,5654.345421159887,2.3298004942563004
4.0,5095.826653930746,2.8280805316083573
4.0,7225.884626379915,2.1664522929586827
4.0,5877.336417228971,2.2411914957314947
4.0,5254.150512127473,2.729357980913849
4.0,5131.711283884727,2.4514697174583233
4.0,6556.023860306679,2.2752090905993514
4.0,7288.689216098287,2.201227718495494
4.0,6169.265011526514,2.0048493352821724
4.0,6174.788088565663,2.185637319115924
4.0,5875.042827631189,2.371655873360308
4.0,6187.992414783273,1.855149273337571
4.0,5817.855199168436,2.5252528201150635
4.0,7058.122929483632,2.226905501122229
4.0,5802.642530593954,2.419772322503692
4.0,6361.2047051521495,2.322177257643895
4.0,5744.830136748034,2.3959939623648
4.0,6552.827072122682,2.576375811995937
4.0,5754.28639576218,2.634038351136519
4.0,6284.4385166764405,2.5614312472384
4.0,5816.23648589444,2.5194272677153453
4.0,5542.86830608423,2.226190846310865
4.0,5850.113623822406,2.6867945366769055
4.0,4930.622630733381,2.3121168352220725
4.0,7216.181261825064,2.1909892996939258
4.0,6035.699058467992,2.126831888231583
4.0,5960.819227262573,2.5076056579225647
4.0,5820.593428205627,2.126544460178921
4.0,5541.692865131153,2.25413029675731
4.0,5971.432742242362,2.4946585389939897
4.0,6118.938906837333,2.2968390413592013
4.0,5107.638948435839,2.8191537628955032
4.0,4921.927712532568,2.7040815253769175
4.0,4750.2547349935485,2.521863468779622
4.0,6266.353851982185,2.123725726141276
4.0,5876.153448494214,2.3802485356506797
4.0,6225.889876670124,2.273529690843713
4.0,5689.75134036174,2.2018497187208417
4.0,6750.330325699664,2.268750680877226
4.0,5521.005132873921,2.1633900394311176
4.0,5657.650440975647,2.1332059014011864
4.0,5606.043757915506,2.3182158286350343
4.0,6084.540461604894,2.297980847397782
4.0,5497.963934665382,2.1869428059993474
4.0,5910.517682010347,2.472755707949973
4.0,7280.903445896356,2.5459241539520483
4.0,5720.97742171314,2.537012999338994
4.0,5994.858113043171,2.572154552349323
4.0,6422.593807052293,2.1534036722271153
4.0,6706.7612037290455,2.043261232813781
4.0,5451.926899055839,2.3741640850073242
4.0,6270.186621537041,2.565231436309447
4.0,5687.756278353279,2.3194932125673406
4.0,6177.764265441411,2.26623566839362
4.0,7091.498716343833,2.187365353298803
4.0,6929.498818019996,1.7398212819182246
4.0,6145.115684364829,2.2994209873590226
4.0,6342.405017979937,1.8636145960115722
4.0,5652.727961450809,2.9074239582946855
4.0,5913.291942861497,2.546094102340843
4.0,6153.948483230043,2.251582481017129
4.0,5650.866864248349,2.3514097518595265
4.0,6405.021567626147,2.3658119758268525
4.0,5959.804237710189,2.515008349392069
4.0,6451.63924881829,2.1961458109755623
4.0,6109.992706900733,2.6114125267522508
4.0,6790.838823413141,1.9193145152929505
4.0,5518.261860212204,2.396414122315227
4.0,7390.129718824011,1.8947261209925856
4.0,6430.242240870566,2.3422166562101725
4.0,5761.921859783217,2.6733146831724417
4.0,5786.008115601554,2.366576985269909
4.0,4882.25388557418,2.3517685184898127
4.0,4714.549403978819,2.723213635565188
4.0,6345.034550628012,2.2014138141224397
4.0,6282.334041950615,2.4238644983671223
4.0,5588.355648406975,2.337947455474914
4.0,5266.068073467777,2.3122611262890036
4.0,6468.698012710455,2.5652533546600296
4.0,4370.983887996784,2.7608351757215606
4.0,5759.277461520861,2.474978107175439
4.0,7116.64859015637,2.073105582905616
4.0,5605.593352848195,2.2747264080840184
4.0,5837.454105889787,2.701472749951819
4.0,5310.284469730396,2.385225081051005
4.0,6247.137859124518,2.4590668518472505
4.0,6200.86305065415,2.196432487337234
4.0,5828.680919706158,2.4463297344459756
4.0,6347.250153546146,2.319271573188687
4.0,5644.8911635664645,2.563588165812647
4.0,5770.35012034126,2.1534097460145323
4.0,7065.100891033284,2.0695210510388042
4.0,6701.003581858978,2.475583709263979
4.0,5347.951001547673,2.6516788524651833
4.0,4944.5066346044205,2.273785213297784
4.0,6482.248419297783,2.116184114741916
4.0,6452.694037648104,2.0044363121751614
4.0,5905.003425474712,2.6439469396027233
4.0,5402.54821331572,2.1717232681025127
4.0,7396.486956157986,2.085358975708697
4.0,6900.618929116918,2.1683079204167983
4.0,5327.0848913903055,2.6021268359262915
4.0,6280.068283099627,2.2944972515212463
4.0,4547.4024819804745,2.730374971908743
4.0,7139.654537780802,1.968925185323089
4.0,6216.683437184044,2.177957289268997
4.0,6069.357085551515,2.298254387233267
4.0,5701.458327926044,2.4383097031478544
4.0,7437.997163707345,2.109686692845795
4.0,6505.81319647645,2.0644597912390723
4.0,5568.8300439263585,2.675983658748929
4.0,5303.331710069569,2.2207288723264673
4.0,6396.412453441665,2.129621485720083
4.0,6390.0945280102,2.322075689320939
4.0,5041.520183540024,2.2773744161232576
4.0,7987.1184832188055,1.6888565118684487
4.0,3901.3905171428873,2.7565068053724784
4.0,5020.497203261849,2.838407171704564
4.0,7054.868091747348,1.954621759257942
4.0,6406.197257469634,2.2840811608296567
4.0,5661.5503515128485,2.2542935969790086
4.0,5655.895478510012,2.251828660177898
4.0,7140.255972880581,1.9242384609637395
4.0,6131.367464796619,2.22905088412323
4.0,6460.524634051056,2.3034432619054765
4.0,4560.562810275096,2.4873807397891983
4.0,6855.309303069192,2.112400371369672
4.0,4648.893312459107,2.6942739554203667
4.0,6019.053544716234,2.3232370749155433
4.0,5620.071324491781,2.6012264876266125
4.0,5748.982245823584,2.533357025407128
4.0,6109.244827198239,2.40686219049445
4.0,5491.908693849837,2.7636140440466552
4.0,5557.37552420051,2.3306132420265473
4.0,7169.754294092364,2.4392708296459635
4.0,6583.235316182448,2.4725110176232454
4.0,6736.227003904165,1.9270421126822772
4.0,6762.647949848556,1.881976548043275
4.0,5481.483375424449,2.3823748508433567
4.0,6586.460138737869,2.4772898262785343
4.0,6924.301834537275,2.0858579096336864
4.0,6971.44671841545,2.2159346581841506
4.0,6424.725809770112,2.823211689225908
4.0,6003.743859040834,2.394196441527156
4.0,6227.528140048681,2.1584201474669955
4.0,4783.698854967906,2.317708675562232
4.0,6394.136321777145,2.111028199390066
4.0,5182.2340388457,2.543885783668045
4.0,6061.819416417735,2.4492806022168083
4.0,5024.57749108113,2.8266934111023208
4.0,7103.613937035392,2.2391966657791316
4.0,5400.116750884582,2.6155938171855504
4.0,6357.25291585807,2.632585593224968
4.0,6079.345725697507,2.234793553400944
4.0,4425.801810469242,2.7393051296906874
4.0,6769.415758302498,2.420262164230569
4.0,6360.814855743565,1.8605910884099681
4.0,6779.144943658673,2.3083787031398755
4.0,5190.033370780797,2.6702502697619117
4.0,5647.931867199705,2.3916909002662146
4.0,5083.9067117666655,2.5704184261800083
4.0,4472.654226785407,2.439227938815028
4.0,7522.269454383782,1.9066174899911164
4.0,6220.661344886878,2.3649917403194953
4.0,7476.69357455213,2.245934249568688
4.0,6208.4269597625735,2.361405207337197
4.0,5819.0137522852,2.4500222684505757
4.0,5463.9717910045365,2.3135164979744456
4.0,7536.925744722785,2.2829487078630937
4.0,5786.751715648547,2.11626030000153
4.0,6690.879364376541,2.163719048774352
4.0,7149.482188425867,2.097368326704457
4.0,6526.796978036302,2.1262965566777523
4.0,5123.354531710293,2.7530684181453635
4.0,7050.261368534082,2.3283245375128545
4.0,6944.51789653942,2.282133326344526
4.0,5656.190261879532,2.5122987696028876
4.0,5817.3949132925645,2.079470817107598
4.0,4853.27333798423,2.84199344224684
4.0,6313.752533781667,2.0791009645745246
4.0,7447.752493721923,2.175741794526521
4.0,5520.503131203991,2.2274064556542843
4.0,6108.436387163595,2.097000917463139
4.0,6525.259299294431,2.324340446617562
4.0,6552.631754263509,2.2622781080475654
4.0,5649.071834506396,2.542263261466604
4.0,6249.683690969403,2.764383649509448
4.0,5336.599078403879,2.7075390828177044
4.0,5373.175370640103,2.602211130319878
4.0,6213.4139173740905,2.2892023338081895
4.0,5387.161808550921,2.6112271856653546
4.0,5584.244618047814,2.5290364957383407
4.0,6182.173380296134,2.2362655497239925
4.0,5981.751150065193,2.5747684164326214
4.0,6033.730188783114,2.2102305683624954
4.0,6414.28574811164,2.188728652614852
4.0,6015.176502942199,2.411754578841043
4.0,5610.141514448537,2.141782080602405
4.0,5837.275916253084,2.45098396146743
4.0,4887.4000795495995,2.4358654562542306
4.0,5578.329206862745,2.441953832008606
4.0,6680.468307905641,2.3719030357652353
4.0,7066.2249860611655,2.0887145165292123
4.0,5510.5327702101795,2.3815223147211286
4.0,5651.628573574942,2.700899435977346
4.0,5548.309370091083,2.6936142829101497
4.0,5191.374024472726,2.2959565455302986
4.0,5496.5690981707085,2.4920810753581906
4.0,6099.360116689963,2.260263813534453
4.0,5352.244118355642,2.4256923768368757
4.0,6190.647434708294,2.1818529106969518
4.0,6879.602012178012,2.079138434134552
4.0,7664.514696154616,1.9137844425129835
4.0,5071.700244421386,2.6957947060044387
4.0,6617.177931368701,2.561104122240967
4.0,6855.763342603202,2.0343932576946164
4.0,6695.523975020716,1.9408785078806399
4.0,8159.694954174564,1.6817534609958749
4.0,4976.861443092745,2.3683223715530985
4.0,5910.083809089943,2.4431204290493516
4.0,6956.278814822136,2.0635287929814417
4.0,6655.161743091916,2.291268386469983
4.0,6734.625716667233,1.9646547464326616
4.0,6446.462762787416,2.03735489149679
4.0,6152.819739636162,2.5702030515593823
4.0,6391.019013723381,2.5038397554481824
4.0,5684.761460470325,2.4864669892226856
4.0,4872.890569034128,2.535663668507625
4.0,5879.372782218483,2.2796364108616762
4.0,5573.8599573128495,2.236708184285964
4.0,6630.22382703644,1.9647647838781581
4.0,7186.09284374008,1.8793873063361695
4.0,7390.128059190768,2.02992426289103
4.0,5742.374681564876,2.5890905454737667
4.0,4518.0255301014195,2.706556934096844
4.0,6545.168846291445,1.8967183134601249
4.0,6199.876942497842,2.3025614927062477
4.0,5748.390936008452,2.16334862068674
4.0,6647.16114038743,2.161856380589027
4.0,6306.617908339819,2.3569073943913934
4.0,6260.399328165089,2.390655959810717
4.0,4955.336081469362,2.423664642845454
4.0,6096.206538308766,2.4105948283257637
4.0,4553.673575917523,2.776339632552302
4.0,6954.73643649507,1.9794209781063146
4.0,5677.444880904358,2.117833809973701
4.0,6357.473076962547,2.478200959389586
4.0,5644.324361149705,2.494366767070114
4.0,6545.046546704708,2.03043831044446
4.0,6672.327841358308,2.2223868837132903
4.0,6508.743480797435,2.303929678082843
4.0,6143.504570901203,2.0255240184759042
4.0,6433.504519753489,2.4369342012075235
4.0,5037.785234636571,2.4759134614327465
4.0,5883.075331291631,2.5644298497452653
4.0,6692.875370812482,2.057315170153558
4.0,6138.528732613968,2.4379365977854492
4.0,4838.42317717602,2.4870904899217035
4.0,6824.489093957648,2.0837643405115354
4.0,6003.203396970853,2.5007002368131115
4.0,5567.826056540018,2.1230025125772456
4.0,4753.2388189914045,2.436515230268374
4.0,6644.557925901087,2.460355169884645
4.0,4784.704094089946,2.789133953925931
4.0,4866.811920305689,2.8560506901995057
4.0,5321.739469676775,2.3382247891980272
4.0,5818.087566946729,2.361794259948115
4.0,5780.316805874362,2.1904434298794824
4.0,6236.775762626435,2.3274722495941944
4.0,6385.80491765058,2.4993202519359987
4.0,6262.605145404568,2.741927000780766
4.0,7369.701386737138,1.739163694302014
4.0,6922.486442946779,2.0888917197657584
4.0,6336.024486725405,2.3643409815713956
4.0,6040.626933319012,2.456402093872433
4.0,6168.922057731112,1.9924596513844577
4.0,6003.776102372006,2.4641014603101783
4.0,6242.046039803698,2.393412049590417
4.0,5848.745561937739,2.7045231330368322
4.0,6697.922708979122,2.074249731760776
4.0,5324.483795094306,2.4273144796107267
4.0,7644.921158875609,1.8827276155304062
4.0,7190.789379504276,1.8957044015452373
4.0,6361.4202760620765,2.1013089087916996
4.0,5668.62458530541,2.351525018738476
4.0,7101.6206061143275,2.407172838170804
4.0,7315.305454285322,2.2647035950748027
4.0,5071.851157161976,2.5878273230237068
4.0,5993.556370723685,2.7868904942192456
4.0,5991.511756497576,2.3020625007939883
4.0,5864.867900947071,2.4437793075703773
4.0,5546.693204563843,2.3548285569684544
4.0,5807.965151795015,2.296995533262854
4.0,5009.30030673198,2.498935765884004
4.0,6831.722250184672,1.787614354731096
4.0,5409.711379167921,2.1877811436894374
4.0,6706.610588765485,2.2796765289331784
4.0,5817.587112967322,2.358497444787706
4.0,7857.089604495076,1.434173488055474
4.0,5570.004348103473,2.2887848667228674
